{
    "Test_Fmax": 0.3943298969072165,
    "Test_AUPRC": 0.24814224143494915,
    "Test_Micro_F1": 0.34173669467787116,
    "Test_Macro_F1": 0.013358133795172561,
    "Test_Precision@3": 0.20020000636577606,
    "Test_Precision@5": 0.1273275762796402,
    "Test_ECE": 0.13742286459103717,
    "Test_Brier": 0.1998865157365799,
    "Best_Threshold": 0.3448743718592965,
    "Seed": 42
}