{
  "temperature": 0.35574371859296483,
  "isotonic": {
    "x_points": [
      0.16136851906776428,
      0.1688358634710312,
      0.16886311769485474,
      0.1920505315065384,
      0.1920630782842636,
      0.20654726028442383,
      0.20654848217964172,
      0.2115308940410614,
      0.21154426038265228,
      0.23378601670265198,
      0.2338181585073471,
      0.2368386685848236,
      0.2368459552526474,
      0.24188564717769623,
      0.24189379811286926,
      0.24842530488967896,
      0.2484273910522461,
      0.2524888515472412,
      0.25249195098876953,
      0.2529842257499695,
      0.2530004382133484,
      0.34735631942749023,
      0.34736305475234985,
      0.34888792037963867,
      0.34890133142471313,
      0.36609596014022827,
      0.36609864234924316,
      0.49393796920776367,
      0.49439799785614014,
      0.4999113380908966,
      0.49998629093170166,
      0.5030937194824219,
      0.5031033754348755,
      0.505764365196228,
      0.5057905316352844,
      0.5064926743507385,
      0.5065025091171265,
      0.5069016814231873,
      0.5069217681884766,
      0.5075576305389404,
      0.5076908469200134,
      0.5255832076072693
    ],
    "y_points": [
      0.0,
      0.0,
      0.00633219676092267,
      0.00633219676092267,
      0.007767646107822657,
      0.007767646107822657,
      0.008479367010295391,
      0.008479367010295391,
      0.012594892643392086,
      0.012594892643392086,
      0.013071895577013493,
      0.013071895577013493,
      0.014035088010132313,
      0.014035088010132313,
      0.017699114978313446,
      0.017699114978313446,
      0.02014652080833912,
      0.02014652080833912,
      0.02083333395421505,
      0.02083333395421505,
      0.021881837397813797,
      0.021881837397813797,
      0.02298850566148758,
      0.02298850566148758,
      0.03194444626569748,
      0.03194444626569748,
      0.04385964944958687,
      0.04385964944958687,
      0.23076923191547394,
      0.23076923191547394,
      0.3052631616592407,
      0.3052631616592407,
      0.4861111044883728,
      0.4861111044883728,
      0.529411792755127,
      0.529411792755127,
      0.5555555820465088,
      0.5555555820465088,
      0.6000000238418579,
      0.6000000238418579,
      0.6619718074798584,
      0.6619718074798584
    ]
  }
}