{
  "Baseline (No Uncertainty)": {
    "Fmax": 0.3943298969072165,
    "AUPRC": 0.24177523829490305,
    "ECE": 0.26144181830925983,
    "Brier": 0.1607261300086975
  },
  "Hard Penalty (0.75x)": {
    "Fmax": 0.3943298969072165,
    "AUPRC": 0.25024482696939043,
    "ECE": 0.25395516172588406,
    "Brier": 0.15643301606178284
  },
  "Smooth Scaling (Current)": {
    "Fmax": 0.3943298969072165,
    "AUPRC": 0.25059356588643233,
    "ECE": 0.25805215477249827,
    "Brier": 0.15797118842601776
  }
}