{
  "pearson_r": 0.8616196531200693,
  "pearson_p": 1.6622632561143936e-99,
  "spearman_r": 0.032936406574672214,
  "n_samples": 333,
  "entropy_range": [
    1.9402181422493243,
    4.232618603310151
  ],
  "confidence_range": [
    0.2823609382701362,
    0.6309670892911754
  ]
}